Name	Completeness	Contamination	Completeness_Model_Used	Translation_Table_Used	Coding_Density	Contig_N50	Average_Gene_Length	Genome_Size	GC_Content	Total_Coding_Sequences	Total_Contigs	Max_Contig_Length	Additional_Notes
GCA_000006645.1_ASM664v1_genomic	100.0	0.14	Neural Network (Specific Model)	11	0.835	4600755	315.6878459687124	4701745	0.48	4155	2	4600755	None
GCA_000007885.1_ASM788v1_genomic	100.0	0.3	Neural Network (Specific Model)	11	0.834	4595065	314.32706766917295	4803217	0.48	4256	5	4595065	None
GCA_000013805.1_ASM1380v1_genomic	100.0	0.18	Neural Network (Specific Model)	11	0.834	4534590	314.1497936392328	4646286	0.48	4119	3	4534590	None
GCA_000013825.1_ASM1382v1_genomic	100.0	0.56	Neural Network (Specific Model)	11	0.835	4702289	311.50011449507673	4879836	0.48	4367	4	4702289	None
GCA_000016445.1_ASM1644v1_genomic	100.0	0.21	Neural Network (Specific Model)	11	0.835	4517345	311.5890702625976	4725862	0.48	4227	3	4517345	None
GCA_000018805.1_ASM1880v1_genomic	100.0	0.39	Neural Network (Specific Model)	11	0.831	4504254	303.41180587960804	4687014	0.48	4286	3	4504254	None
GCA_000022805.1_ASM2280v1_genomic	100.0	0.87	Neural Network (Specific Model)	11	0.833	4640720	306.9308132875143	4812922	0.48	4365	4	4640720	None
GCA_000022825.1_ASM2282v1_genomic	100.0	3.39	Neural Network (Specific Model)	11	0.833	4626944	303.21914700544465	4802263	0.48	4408	4	4626944	None
GCA_000022845.1_ASM2284v1_genomic	100.0	0.2	Neural Network (Specific Model)	11	0.834	4553586	311.0524450744153	4725788	0.48	4233	4	4553586	None
GCA_000186725.1_ASM18672v1_genomic	100.0	0.21	Neural Network (Specific Model)	11	0.833	4532063	307.4037558685446	4709501	0.48	4260	4	4532063	None
GCA_000834275.1_ASM83427v1_genomic	100.0	0.21	Neural Network (Specific Model)	11	0.832	4531804	304.7588454376164	4709246	0.48	4296	4	4531804	None
GCA_000834495.1_ASM83449v1_genomic	100.0	0.17	Neural Network (Specific Model)	11	0.835	4662886	310.4909090909091	4838262	0.48	4345	4	4662886	None
GCA_000834775.1_ASM83477v1_genomic	100.0	0.21	Neural Network (Specific Model)	11	0.834	4654228	310.23998136067104	4777968	0.48	4292	3	4654228	None
GCA_000834825.1_ASM83482v1_genomic	100.0	0.34	Neural Network (Specific Model)	11	0.834	4708024	306.9446952595937	4884396	0.48	4430	4	4708024	None
GCA_000834845.1_ASM83484v1_genomic	100.0	0.39	Neural Network (Specific Model)	11	0.831	4501786	300.5891077636153	4674610	0.48	4315	4	4501786	None
GCA_000834885.1_ASM83488v1_genomic	100.0	0.22	Neural Network (Specific Model)	11	0.832	4523033	306.9412869891968	4700481	0.48	4258	4	4523033	None
GCA_001188755.1_ASM118875v1_genomic	100.0	0.22	Neural Network (Specific Model)	11	0.834	4467447	310.7535782442748	4675987	0.48	4192	3	4467447	None
GCA_001188775.1_ASM118877v1_genomic	100.0	0.21	Neural Network (Specific Model)	11	0.834	4523206	310.28050787679285	4735667	0.48	4253	3	4523206	None
GCA_001188795.1_ASM118879v1_genomic	100.0	0.2	Neural Network (Specific Model)	11	0.834	4526841	310.43835294117645	4736090	0.48	4250	3	4526841	None
GCA_001188935.1_ASM118893v1_genomic	100.0	0.21	Neural Network (Specific Model)	11	0.834	4528383	310.420272812794	4736923	0.48	4252	3	4528383	None
GCA_003798225.1_ASM379822v1_genomic	100.0	0.34	Neural Network (Specific Model)	11	0.833	4708493	310.5708786231884	4930959	0.48	4416	4	4708493	None
GCA_009295925.1_ASM929592v1_genomic	100.0	0.23	Neural Network (Specific Model)	11	0.834	4625829	312.97754385964913	4806721	0.48	4275	4	4625829	None
GCA_009295985.1_ASM929598v1_genomic	100.0	0.21	Neural Network (Specific Model)	11	0.834	4596548	313.1116596144805	4783760	0.48	4254	5	4596548	None
GCA_009363195.1_ASM936319v1_genomic	100.0	0.22	Neural Network (Specific Model)	11	0.834	4635506	313.0452016689847	4848320	0.48	4314	5	4635506	None
GCA_015190655.1_ASM1519065v1_genomic	100.0	0.22	Neural Network (Specific Model)	11	0.834	4639390	311.19042136771816	4852443	0.48	4343	5	4639390	None
GCA_015336265.1_ASM1533626v1_genomic	100.0	0.2	Neural Network (Specific Model)	11	0.835	4644349	317.8033390621164	4644349	0.48	4073	1	4644349	None
GCA_015336465.1_ASM1533646v1_genomic	100.0	0.14	Neural Network (Specific Model)	11	0.835	4616538	317.70980489009634	4616538	0.48	4049	1	4616538	None
GCA_015336695.1_ASM1533669v1_genomic	100.0	0.15	Neural Network (Specific Model)	11	0.835	4617857	316.5694273777341	4617857	0.48	4069	1	4617857	None
GCA_015336865.1_ASM1533686v1_genomic	100.0	0.08	Neural Network (Specific Model)	11	0.835	4612708	319.09627791563275	4612708	0.48	4030	1	4612708	None
GCA_015337085.2_ASM1533708v2_genomic	100.0	0.56	Neural Network (Specific Model)	11	0.835	4481542	314.62503147821707	4481542	0.48	3971	1	4481542	None
GCA_015337285.1_ASM1533728v1_genomic	100.0	0.11	Neural Network (Specific Model)	11	0.835	4555347	316.63731603891245	4555347	0.48	4009	1	4555347	None
GCA_015337445.1_ASM1533744v1_genomic	100.0	0.14	Neural Network (Specific Model)	11	0.834	4499502	315.88961693548384	4499502	0.48	3968	1	4499502	None
GCA_015337645.1_ASM1533764v1_genomic	100.0	0.21	Neural Network (Specific Model)	11	0.835	4610990	316.5344827586207	4610990	0.48	4060	1	4610990	None
GCA_015338045.2_ASM1533804v2_genomic	100.0	0.14	Neural Network (Specific Model)	11	0.834	4636545	315.4091796875	4636545	0.48	4096	1	4636545	None
GCA_015338205.1_ASM1533820v1_genomic	100.0	0.06	Neural Network (Specific Model)	11	0.834	4501826	314.96407937704095	4501826	0.48	3981	1	4501826	None
GCA_024498375.1_ASM2449837v1_genomic	100.0	0.23	Neural Network (Specific Model)	11	0.833	4648824	313.0742804085422	4848095	0.48	4308	3	4648824	None
GCA_024498395.1_ASM2449839v1_genomic	100.0	0.24	Neural Network (Specific Model)	11	0.833	4647610	313.5812543716484	4834935	0.48	4289	4	4647610	None
GCA_024498415.1_ASM2449841v1_genomic	100.0	0.22	Neural Network (Specific Model)	11	0.833	4636015	312.7342068320075	4804290	0.48	4274	4	4636015	None
GCA_024758685.1_ASM2475868v1_genomic	100.0	0.25	Neural Network (Specific Model)	11	0.832	4553685	308.2750636721463	4792816	0.48	4319	4	4553685	None
GCA_039640175.1_YP_133_genomic	100.0	0.95	Neural Network (Specific Model)	11	0.834	4647253	314.8044038416491	4826121	0.48	4269	4	4647253	None
GCA_039640405.1_YP_A1694_genomic	100.0	0.93	Neural Network (Specific Model)	11	0.832	4515131	310.5414285714286	4694000	0.48	4200	4	4515131	None
GCA_039640415.1_YP_91_KR_genomic	100.0	0.95	Neural Network (Specific Model)	11	0.834	4649345	314.7825374531835	4828209	0.48	4272	4	4649345	None
GCA_039640425.1_YP_80_genomic	100.0	1.03	Neural Network (Specific Model)	11	0.833	4649224	312.3234131597303	4828083	0.48	4301	4	4649224	None
GCA_039640435.1_YP_5M_genomic	100.0	0.93	Neural Network (Specific Model)	11	0.833	4543604	312.25118821292773	4722468	0.48	4208	4	4543604	None
GCA_039640465.1_YP_197_15_genomic	100.0	1.01	Neural Network (Specific Model)	11	0.833	4545319	312.53566333808845	4724185	0.48	4206	4	4545319	None
GCA_039703215.1_ASM3970321v1_genomic	100.0	0.23	Neural Network (Specific Model)	11	0.834	4649813	310.77175660160736	4857127	0.48	4355	4	4649813	None
GCA_046895395.1_ASM4689539v1_genomic	100.0	0.22	Neural Network (Specific Model)	11	0.835	4639879	312.2105263157895	4852948	0.48	4332	5	4639879	None
GCA_046895405.1_ASM4689540v1_genomic	100.0	0.22	Neural Network (Specific Model)	11	0.836	4699845	311.08476517754866	4866360	0.48	4365	3	4699845	None
GCA_046895415.1_ASM4689541v1_genomic	100.0	0.23	Neural Network (Specific Model)	11	0.835	4516027	313.1151079136691	4683884	0.48	4170	3	4516027	None
GCA_046895425.1_ASM4689542v1_genomic	100.0	0.74	Neural Network (Specific Model)	11	0.834	4608999	316.6282572316519	4755651	0.48	4183	4	4608999	None
GCA_046895435.1_ASM4689543v1_genomic	100.0	0.26	Neural Network (Specific Model)	11	0.834	4646442	312.87607733519684	4823907	0.48	4293	4	4646442	None
GCA_046895445.1_ASM4689544v1_genomic	100.0	0.26	Neural Network (Specific Model)	11	0.835	4669764	310.9451991710799	4846113	0.48	4343	4	4669764	None
GCA_046895455.1_ASM4689545v1_genomic	100.0	0.24	Neural Network (Specific Model)	11	0.832	4571869	313.20388349514565	4759772	0.48	4223	4	4571869	None
GCA_046895505.1_ASM4689550v1_genomic	100.0	0.24	Neural Network (Specific Model)	11	0.834	4646713	314.26934767360297	4825313	0.48	4277	4	4646713	None
GCA_046895545.1_ASM4689554v1_genomic	100.0	0.21	Neural Network (Specific Model)	11	0.835	4641100	313.38892749594623	4854027	0.48	4317	5	4641100	None
GCA_046895565.1_ASM4689556v1_genomic	100.0	0.21	Neural Network (Specific Model)	11	0.835	4640160	313.5847437978205	4852764	0.48	4313	5	4640160	None
GCA_046895575.1_ASM4689557v1_genomic	100.0	0.24	Neural Network (Specific Model)	11	0.834	4648973	314.2741294695022	4827909	0.48	4279	4	4648973	None
GCA_046895595.1_ASM4689559v1_genomic	100.0	0.23	Neural Network (Specific Model)	11	0.834	4647503	314.42526315789473	4826439	0.48	4275	4	4647503	None
GCA_046895605.1_ASM4689560v1_genomic	100.0	0.24	Neural Network (Specific Model)	11	0.835	4631551	314.27513475509727	4812563	0.48	4267	4	4631551	None
GCA_046895615.1_ASM4689561v1_genomic	100.0	0.24	Neural Network (Specific Model)	11	0.834	4553353	312.3262260127932	4734364	0.48	4221	4	4553353	None
GCA_046895625.1_ASM4689562v1_genomic	100.0	0.25	Neural Network (Specific Model)	11	0.835	4652588	313.768979972054	4833599	0.48	4294	4	4652588	None
GCA_046895645.1_ASM4689564v1_genomic	100.0	0.24	Neural Network (Specific Model)	11	0.834	4631955	314.4420731707317	4812967	0.48	4264	4	4631955	None
GCA_046895675.1_ASM4689567v1_genomic	100.0	0.24	Neural Network (Specific Model)	11	0.835	4652210	313.3721630384437	4854962	0.48	4318	5	4652210	None
GCA_046895685.1_ASM4689568v1_genomic	100.0	0.24	Neural Network (Specific Model)	11	0.835	4648458	313.07617504051865	4851210	0.48	4319	5	4648458	None
GCA_046895695.1_ASM4689569v1_genomic	100.0	0.23	Neural Network (Specific Model)	11	0.834	4552856	311.50976700400093	4755608	0.48	4249	5	4552856	None
GCA_046895715.1_ASM4689571v1_genomic	100.0	0.28	Neural Network (Specific Model)	11	0.834	4551745	312.2046908315565	4734669	0.48	4221	4	4551745	None
GCA_046895745.1_ASM4689574v1_genomic	100.0	0.23	Neural Network (Specific Model)	11	0.834	4550274	310.8794642857143	4752669	0.48	4256	5	4550274	None
GCA_046895805.1_ASM4689580v1_genomic	100.0	0.23	Neural Network (Specific Model)	11	0.833	4536471	312.02875475285174	4717567	0.48	4208	4	4536471	None
GCA_046895815.1_ASM4689581v1_genomic	100.0	0.32	Neural Network (Specific Model)	11	0.835	4639504	313.9139784946237	4819130	0.48	4278	4	4639504	None
GCA_046895825.1_ASM4689582v1_genomic	100.0	0.24	Neural Network (Specific Model)	11	0.834	4635029	314.2087139845397	4814892	0.48	4269	4	4635029	None
GCA_046895865.1_ASM4689586v1_genomic	100.0	0.24	Neural Network (Specific Model)	11	0.834	4638292	313.9277192982456	4818155	0.48	4275	4	4638292	None
GCA_046895875.1_ASM4689587v1_genomic	100.0	0.24	Neural Network (Specific Model)	11	0.834	4638279	314.41631504922645	4815734	0.48	4266	4	4638279	None
GCA_046895885.1_ASM4689588v1_genomic	100.0	0.24	Neural Network (Specific Model)	11	0.834	4637757	314.31553056921996	4817620	0.48	4269	4	4637757	None
GCA_046895905.1_ASM4689590v1_genomic	100.0	0.24	Neural Network (Specific Model)	11	0.834	4637531	314.0119326158166	4817394	0.48	4274	4	4637531	None
GCA_046895915.1_ASM4689591v1_genomic	100.0	0.29	Neural Network (Specific Model)	11	0.833	4538626	312.6889735651346	4719197	0.48	4199	4	4538626	None
GCA_046895925.1_ASM4689592v1_genomic	100.0	0.24	Neural Network (Specific Model)	11	0.834	4639414	314.0891436593355	4819277	0.48	4274	4	4639414	None
GCA_046895975.1_ASM4689597v1_genomic	100.0	0.24	Neural Network (Specific Model)	11	0.834	4640639	313.8678980593874	4818099	0.48	4277	4	4640639	None
GCA_052373935.1_ASM5237393v1_genomic	100.0	1.04	Neural Network (Specific Model)	11	0.834	4635928	312.5939393939394	4817674	0.48	4290	4	4635928	None
GCA_052373945.1_ASM5237394v1_genomic	100.0	0.96	Neural Network (Specific Model)	11	0.834	4634699	312.9197012138189	4816448	0.48	4284	4	4634699	None
GCA_052373955.1_ASM5237395v1_genomic	100.0	0.25	Neural Network (Specific Model)	11	0.833	4645421	312.26307227515684	4827944	0.48	4303	4	4645421	None
GCA_052374055.1_ASM5237405v1_genomic	100.0	0.93	Neural Network (Specific Model)	11	0.833	4528510	312.9753765240258	4705158	0.48	4183	4	4528510	None
GCA_052374095.1_ASM5237409v1_genomic	100.0	0.92	Neural Network (Specific Model)	11	0.833	4528636	312.7067112491044	4705293	0.48	4187	4	4528636	None
GCA_052374135.1_ASM5237413v1_genomic	100.0	0.25	Neural Network (Specific Model)	11	0.833	4529230	313.46586826347306	4705785	0.48	4175	4	4529230	None
GCA_052374155.1_ASM5237415v1_genomic	100.0	0.27	Neural Network (Specific Model)	11	0.833	4529301	311.6443016892696	4711297	0.48	4203	4	4529301	None
GCA_052374175.1_ASM5237417v1_genomic	100.0	0.28	Neural Network (Specific Model)	11	0.833	4528770	311.69526978844783	4716206	0.48	4207	5	4528770	None
GCA_052374195.1_ASM5237419v1_genomic	100.0	0.29	Neural Network (Specific Model)	11	0.833	4528582	312.03716055264414	4710552	0.48	4198	4	4528582	None
GCA_052374215.1_ASM5237421v1_genomic	100.0	0.29	Neural Network (Specific Model)	11	0.833	4528427	312.4676842356308	4710461	0.48	4193	4	4528427	None
GCA_052374235.1_ASM5237423v1_genomic	100.0	0.31	Neural Network (Specific Model)	11	0.833	4528774	312.06383992377323	4710825	0.48	4198	4	4528774	None
GCA_052374255.1_ASM5237425v1_genomic	100.0	0.29	Neural Network (Specific Model)	11	0.833	4528541	312.13795568263043	4710593	0.48	4197	4	4528541	None
GCA_052374295.1_ASM5237429v1_genomic	100.0	0.31	Neural Network (Specific Model)	11	0.833	4528510	311.8091385054736	4710468	0.48	4202	4	4528510	None
GCA_052374335.1_ASM5237433v1_genomic	100.0	0.27	Neural Network (Specific Model)	11	0.833	4529102	311.9452380952381	4711207	0.48	4200	4	4529102	None
GCA_052374375.1_ASM5237437v1_genomic	100.0	0.29	Neural Network (Specific Model)	11	0.833	4529486	311.75226082817704	4711405	0.48	4202	4	4529486	None
GCA_052374445.1_ASM5237444v1_genomic	100.0	0.29	Neural Network (Specific Model)	11	0.832	4528699	312.21387696709587	4710682	0.48	4194	4	4528699	None
GCA_052374495.1_ASM5237449v1_genomic	100.0	0.24	Neural Network (Specific Model)	11	0.832	4529222	309.27994330262226	4711125	0.48	4233	4	4529222	None
GCA_052374515.1_ASM5237451v1_genomic	100.0	0.31	Neural Network (Specific Model)	11	0.833	4528999	312.0376280066682	4710907	0.48	4199	4	4528999	None
GCA_052374535.1_ASM5237453v1_genomic	100.0	0.33	Neural Network (Specific Model)	11	0.833	4528970	311.92309523809524	4710890	0.48	4200	4	4528970	None
GCA_052374555.1_ASM5237455v1_genomic	100.0	0.29	Neural Network (Specific Model)	11	0.833	4528760	312.1961391801716	4710717	0.48	4196	4	4528760	None
GCA_052374575.1_ASM5237457v1_genomic	100.0	0.29	Neural Network (Specific Model)	11	0.833	4528974	311.9688095238095	4710884	0.48	4200	4	4528974	None
GCA_052374615.1_ASM5237461v1_genomic	100.0	0.29	Neural Network (Specific Model)	11	0.833	4528548	312.3419170243205	4710540	0.48	4194	4	4528548	None
GCA_052374635.1_ASM5237463v1_genomic	100.0	0.31	Neural Network (Specific Model)	11	0.833	4529216	309.7921985815603	4711259	0.48	4230	4	4529216	None
GCA_052374695.1_ASM5237469v1_genomic	100.0	0.29	Neural Network (Specific Model)	11	0.833	4529089	312.2185414680648	4711094	0.48	4196	4	4529089	None
GCA_052374735.1_ASM5237473v1_genomic	100.0	0.29	Neural Network (Specific Model)	11	0.833	4528874	312.11367969494756	4710784	0.48	4196	4	4528874	None
GCA_052374755.1_ASM5237475v1_genomic	100.0	0.33	Neural Network (Specific Model)	11	0.833	4528852	311.8145679600095	4710767	0.48	4201	4	4528852	None
GCA_052374795.1_ASM5237479v1_genomic	100.0	0.31	Neural Network (Specific Model)	11	0.833	4528907	312.15225160829164	4710891	0.48	4197	4	4528907	None
GCA_052374815.1_ASM5237481v1_genomic	100.0	0.31	Neural Network (Specific Model)	11	0.833	4528841	311.8264698881219	4710858	0.48	4201	4	4528841	None
GCA_052374895.1_ASM5237489v1_genomic	100.0	0.31	Neural Network (Specific Model)	11	0.833	4528998	312.14510364546106	4710911	0.48	4197	4	4528998	None
GCA_052374975.1_ASM5237497v1_genomic	100.0	0.29	Neural Network (Specific Model)	11	0.833	4528814	312.3858812306225	4710794	0.48	4193	4	4528814	None
GCA_052375015.1_ASM5237501v1_genomic	100.0	0.29	Neural Network (Specific Model)	11	0.833	4528958	312.572553699284	4710853	0.48	4190	4	4528958	None
GCA_052375105.1_ASM5237510v1_genomic	100.0	0.29	Neural Network (Specific Model)	11	0.833	4528992	312.18569725864126	4710977	0.48	4195	4	4528992	None
GCA_052375155.1_ASM5237515v1_genomic	100.0	0.29	Neural Network (Specific Model)	11	0.833	4528602	312.19394805813675	4710599	0.48	4197	4	4528602	None
GCA_052375195.1_ASM5237519v1_genomic	100.0	0.31	Neural Network (Specific Model)	11	0.833	4528908	312.1894661582459	4710972	0.48	4196	4	4528908	None
GCA_052375235.1_ASM5237523v1_genomic	100.0	0.27	Neural Network (Specific Model)	11	0.833	4528498	312.3529692344384	4710494	0.48	4193	4	4528498	None
GCA_052375265.1_ASM5237526v1_genomic	100.0	0.29	Neural Network (Specific Model)	11	0.833	4528611	312.26936829558997	4710614	0.48	4195	4	4528611	None
GCA_052375345.1_ASM5237534v1_genomic	100.0	0.29	Neural Network (Specific Model)	11	0.833	4529043	311.9509407001667	4710988	0.48	4199	4	4529043	None
GCA_052375395.1_ASM5237539v1_genomic	100.0	0.29	Neural Network (Specific Model)	11	0.833	4528201	312.3090128755365	4710224	0.48	4194	4	4528201	None
GCA_052375415.1_ASM5237541v1_genomic	100.0	0.27	Neural Network (Specific Model)	11	0.833	4528831	311.8053307948596	4710896	0.48	4202	4	4528831	None
GCA_052375475.1_ASM5237547v1_genomic	100.0	0.31	Neural Network (Specific Model)	11	0.833	4528604	311.8245655796239	4710470	0.48	4201	4	4528604	None
GCA_052375495.1_ASM5237549v1_genomic	100.0	0.29	Neural Network (Specific Model)	11	0.833	4529230	311.95238095238096	4711276	0.48	4200	4	4529230	None
GCA_052375515.1_ASM5237551v1_genomic	100.0	0.31	Neural Network (Specific Model)	11	0.833	4528786	312.26609442060084	4710760	0.48	4194	4	4528786	None
GCA_052375535.1_ASM5237553v1_genomic	100.0	0.31	Neural Network (Specific Model)	11	0.833	4528862	311.872619047619	4710880	0.48	4200	4	4528862	None
GCA_052375555.1_ASM5237555v1_genomic	100.0	0.29	Neural Network (Specific Model)	11	0.833	4528900	311.7570782774209	4710818	0.48	4203	4	4528900	None
GCA_052375715.1_ASM5237571v1_genomic	100.0	0.31	Neural Network (Specific Model)	11	0.833	4528927	311.7641599238458	4710942	0.48	4202	4	4528927	None
GCA_052375735.1_ASM5237573v1_genomic	100.0	0.31	Neural Network (Specific Model)	11	0.833	4528562	311.7810566396954	4710626	0.48	4202	4	4528562	None
GCA_052375755.1_ASM5237575v1_genomic	100.0	0.29	Neural Network (Specific Model)	11	0.833	4529013	311.83694358486076	4711041	0.48	4201	4	4529013	None
GCA_052375775.1_ASM5237577v1_genomic	100.0	0.25	Neural Network (Specific Model)	11	0.833	4529088	311.79147821947157	4711116	0.48	4201	4	4529088	None
GCA_052375795.1_ASM5237579v1_genomic	100.0	0.31	Neural Network (Specific Model)	11	0.833	4528852	311.57017126546145	4710771	0.48	4204	4	4528852	None
GCA_052375815.1_ASM5237581v1_genomic	100.0	0.33	Neural Network (Specific Model)	11	0.833	4529265	311.84813139728635	4711178	0.48	4201	4	4529265	None
GCA_052375835.1_ASM5237583v1_genomic	100.0	0.25	Neural Network (Specific Model)	11	0.833	4528819	312.05337145580177	4710756	0.48	4197	4	4528819	None
GCA_052446015.1_ASM5244601v1_genomic	100.0	0.29	Neural Network (Specific Model)	11	0.833	4528650	311.88240895024995	4710637	0.48	4201	4	4528650	None
GCF_000006645.1_ASM664v1_genomic	100.0	0.14	Neural Network (Specific Model)	11	0.835	4600755	315.6878459687124	4701745	0.48	4155	2	4600755	None
GCF_000007885.1_ASM788v1_genomic	100.0	0.3	Neural Network (Specific Model)	11	0.834	4595065	314.32706766917295	4803217	0.48	4256	5	4595065	None
GCF_000013805.1_ASM1380v1_genomic	100.0	0.18	Neural Network (Specific Model)	11	0.834	4534590	314.1497936392328	4646286	0.48	4119	3	4534590	None
GCF_000013825.1_ASM1382v1_genomic	100.0	0.56	Neural Network (Specific Model)	11	0.835	4702289	311.50011449507673	4879836	0.48	4367	4	4702289	None
GCF_000016445.1_ASM1644v1_genomic	100.0	0.21	Neural Network (Specific Model)	11	0.835	4517345	311.5890702625976	4725862	0.48	4227	3	4517345	None
GCF_000018805.1_ASM1880v1_genomic	100.0	0.39	Neural Network (Specific Model)	11	0.831	4504254	303.41180587960804	4687014	0.48	4286	3	4504254	None
GCF_000186725.1_ASM18672v1_genomic	100.0	0.21	Neural Network (Specific Model)	11	0.833	4532063	307.4037558685446	4709501	0.48	4260	4	4532063	None
GCF_000834235.1_ASM83423v1_genomic	100.0	0.22	Neural Network (Specific Model)	11	0.834	4685423	306.90979147778785	4861517	0.48	4412	4	4685423	None
GCF_000834335.1_ASM83433v1_genomic	100.0	0.22	Neural Network (Specific Model)	11	0.834	4659530	311.0101569713758	4835409	0.48	4332	4	4659530	None
GCF_000834755.1_ASM83475v1_genomic	100.0	0.13	Neural Network (Specific Model)	11	0.835	4569625	311.33588150979455	4674565	0.48	4186	3	4569625	None
GCF_000834885.1_ASM83488v1_genomic	100.0	0.22	Neural Network (Specific Model)	11	0.832	4523033	306.9412869891968	4700481	0.48	4258	4	4523033	None
GCF_000834925.1_ASM83492v1_genomic	100.0	0.27	Neural Network (Specific Model)	11	0.834	4607660	311.3037088873338	4794427	0.48	4287	4	4607660	None
GCF_000834985.1_ASM83498v1_genomic	100.0	0.2	Neural Network (Specific Model)	11	0.834	4529728	310.9816254416961	4738142	0.48	4245	3	4529728	None
GCF_001188755.1_ASM118875v1_genomic	100.0	0.22	Neural Network (Specific Model)	11	0.834	4467447	310.7535782442748	4675987	0.48	4192	3	4467447	None
GCF_001188775.1_ASM118877v1_genomic	100.0	0.21	Neural Network (Specific Model)	11	0.834	4523206	310.28050787679285	4735667	0.48	4253	3	4523206	None
GCF_001188795.1_ASM118879v1_genomic	100.0	0.2	Neural Network (Specific Model)	11	0.834	4526841	310.43835294117645	4736090	0.48	4250	3	4526841	None
GCF_001188935.1_ASM118893v1_genomic	100.0	0.21	Neural Network (Specific Model)	11	0.834	4528383	310.420272812794	4736923	0.48	4252	3	4528383	None
GCF_001693595.1_ASM169359v1_genomic	100.0	0.33	Neural Network (Specific Model)	11	0.834	4602429	307.51132686084145	4778555	0.48	4326	4	4602429	None
GCF_003798205.1_ASM379820v1_genomic	100.0	0.54	Neural Network (Specific Model)	11	0.833	4636496	309.5564588979223	4929654	0.48	4428	5	4636496	None
GCF_009295945.1_ASM929594v1_genomic	100.0	0.4	Neural Network (Specific Model)	11	0.834	4546217	311.55984011286154	4759144	0.48	4253	5	4546217	None
GCF_009295965.1_ASM929596v1_genomic	100.0	0.24	Neural Network (Specific Model)	11	0.835	4629837	313.93489461358314	4807288	0.48	4270	4	4629837	None
GCF_015190655.1_ASM1519065v1_genomic	100.0	0.22	Neural Network (Specific Model)	11	0.834	4639390	311.19042136771816	4852443	0.48	4343	5	4639390	None
GCF_015336085.1_ASM1533608v1_genomic	100.0	0.12	Neural Network (Specific Model)	11	0.835	4604910	318.03739474987617	4604910	0.48	4038	1	4604910	None
GCF_015336465.1_ASM1533646v1_genomic	100.0	0.14	Neural Network (Specific Model)	11	0.835	4616538	317.70980489009634	4616538	0.48	4049	1	4616538	None
GCF_015336695.1_ASM1533669v1_genomic	100.0	0.15	Neural Network (Specific Model)	11	0.835	4617857	316.5694273777341	4617857	0.48	4069	1	4617857	None
GCF_015337285.1_ASM1533728v1_genomic	100.0	0.11	Neural Network (Specific Model)	11	0.835	4555347	316.63731603891245	4555347	0.48	4009	1	4555347	None
GCF_015337825.2_ASM1533782v2_genomic	100.0	0.16	Neural Network (Specific Model)	11	0.835	4612530	316.33456334563346	4612530	0.48	4065	1	4612530	None
GCF_015338045.2_ASM1533804v2_genomic	100.0	0.14	Neural Network (Specific Model)	11	0.834	4636545	315.4091796875	4636545	0.48	4096	1	4636545	None
GCF_015338205.1_ASM1533820v1_genomic	100.0	0.06	Neural Network (Specific Model)	11	0.834	4501826	314.96407937704095	4501826	0.48	3981	1	4501826	None
GCF_024498395.1_ASM2449839v1_genomic	100.0	0.24	Neural Network (Specific Model)	11	0.833	4647610	313.5812543716484	4834935	0.48	4289	4	4647610	None
GCF_039640405.1_YP_A1694_genomic	100.0	0.93	Neural Network (Specific Model)	11	0.832	4515131	310.5414285714286	4694000	0.48	4200	4	4515131	None
GCF_039640415.1_YP_91_KR_genomic	100.0	0.95	Neural Network (Specific Model)	11	0.834	4649345	314.7825374531835	4828209	0.48	4272	4	4649345	None
GCF_039640435.1_YP_5M_genomic	100.0	0.93	Neural Network (Specific Model)	11	0.833	4543604	312.25118821292773	4722468	0.48	4208	4	4543604	None
GCF_039640455.1_YP_8_genomic	100.0	1.99	Neural Network (Specific Model)	11	0.832	4593311	309.7357476635514	4772170	0.48	4280	4	4593311	None
GCF_039640465.1_YP_197_15_genomic	100.0	1.01	Neural Network (Specific Model)	11	0.833	4545319	312.53566333808845	4724185	0.48	4206	4	4545319	None
GCF_039703215.1_ASM3970321v1_genomic	100.0	0.23	Neural Network (Specific Model)	11	0.834	4649813	310.77175660160736	4857127	0.48	4355	4	4649813	None
GCF_041409745.1_669_pPCP1-_HybridAssembly_genomic	100.0	0.22	Neural Network (Specific Model)	11	0.836	4649807	312.4573355033713	4816317	0.48	4301	3	4649807	None
GCF_041410195.1_669_HybridAssembly_genomic	100.0	0.22	Neural Network (Specific Model)	11	0.835	4649807	312.1410345627465	4825927	0.48	4311	4	4649807	None
GCF_046895365.1_ASM4689536v1_genomic	100.0	0.23	Neural Network (Specific Model)	11	0.834	4648605	314.395882077679	4827203	0.48	4274	4	4648605	None
GCF_046895395.1_ASM4689539v1_genomic	100.0	0.22	Neural Network (Specific Model)	11	0.835	4639879	312.2105263157895	4852948	0.48	4332	5	4639879	None
GCF_046895405.1_ASM4689540v1_genomic	100.0	0.22	Neural Network (Specific Model)	11	0.836	4699845	311.08476517754866	4866360	0.48	4365	3	4699845	None
GCF_046895415.1_ASM4689541v1_genomic	100.0	0.23	Neural Network (Specific Model)	11	0.835	4516027	313.1151079136691	4683884	0.48	4170	3	4516027	None
GCF_046895435.1_ASM4689543v1_genomic	100.0	0.26	Neural Network (Specific Model)	11	0.834	4646442	312.87607733519684	4823907	0.48	4293	4	4646442	None
GCF_046895455.1_ASM4689545v1_genomic	100.0	0.24	Neural Network (Specific Model)	11	0.832	4571869	313.20388349514565	4759772	0.48	4223	4	4571869	None
GCF_046895565.1_ASM4689556v1_genomic	100.0	0.21	Neural Network (Specific Model)	11	0.835	4640160	313.5847437978205	4852764	0.48	4313	5	4640160	None
GCF_046895575.1_ASM4689557v1_genomic	100.0	0.24	Neural Network (Specific Model)	11	0.834	4648973	314.2741294695022	4827909	0.48	4279	4	4648973	None
GCF_046895595.1_ASM4689559v1_genomic	100.0	0.23	Neural Network (Specific Model)	11	0.834	4647503	314.42526315789473	4826439	0.48	4275	4	4647503	None
GCF_046895605.1_ASM4689560v1_genomic	100.0	0.24	Neural Network (Specific Model)	11	0.835	4631551	314.27513475509727	4812563	0.48	4267	4	4631551	None
GCF_046895625.1_ASM4689562v1_genomic	100.0	0.25	Neural Network (Specific Model)	11	0.835	4652588	313.768979972054	4833599	0.48	4294	4	4652588	None
GCF_046895635.1_ASM4689563v1_genomic	100.0	0.35	Neural Network (Specific Model)	11	0.834	4551886	310.54821386878353	4777481	0.48	4283	6	4551886	None
GCF_046895655.1_ASM4689565v1_genomic	100.0	0.24	Neural Network (Specific Model)	11	0.835	4651535	314.0230876865672	4832547	0.48	4288	4	4651535	None
GCF_046895685.1_ASM4689568v1_genomic	100.0	0.24	Neural Network (Specific Model)	11	0.835	4648458	313.07617504051865	4851210	0.48	4319	5	4648458	None
GCF_046895715.1_ASM4689571v1_genomic	100.0	0.28	Neural Network (Specific Model)	11	0.834	4551745	312.2046908315565	4734669	0.48	4221	4	4551745	None
GCF_046895755.1_ASM4689575v1_genomic	100.0	0.28	Neural Network (Specific Model)	11	0.834	4549303	312.09902866619285	4732227	0.48	4221	4	4549303	None
GCF_046895785.1_ASM4689578v1_genomic	100.0	0.24	Neural Network (Specific Model)	11	0.834	4634268	313.53833567087423	4815364	0.48	4278	4	4634268	None
GCF_046895795.1_ASM4689579v1_genomic	100.0	0.22	Neural Network (Specific Model)	11	0.833	4538962	311.77450747685737	4720058	0.48	4213	4	4538962	None
GCF_046895835.1_ASM4689583v1_genomic	100.0	0.23	Neural Network (Specific Model)	11	0.834	4536167	312.33142857142855	4712983	0.48	4200	4	4536167	None
GCF_046895855.1_ASM4689585v1_genomic	100.0	0.23	Neural Network (Specific Model)	11	0.834	4536816	312.719733079123	4714276	0.48	4196	4	4536816	None
GCF_046895865.1_ASM4689586v1_genomic	100.0	0.24	Neural Network (Specific Model)	11	0.834	4638292	313.9277192982456	4818155	0.48	4275	4	4638292	None
GCF_046895875.1_ASM4689587v1_genomic	100.0	0.24	Neural Network (Specific Model)	11	0.834	4638279	314.41631504922645	4815734	0.48	4266	4	4638279	None
GCF_046895885.1_ASM4689588v1_genomic	100.0	0.24	Neural Network (Specific Model)	11	0.834	4637757	314.31553056921996	4817620	0.48	4269	4	4637757	None
GCF_046895895.1_ASM4689589v1_genomic	100.0	0.24	Neural Network (Specific Model)	11	0.834	4636416	313.9304937982682	4816279	0.48	4273	4	4636416	None
GCF_046895905.1_ASM4689590v1_genomic	100.0	0.24	Neural Network (Specific Model)	11	0.834	4637531	314.0119326158166	4817394	0.48	4274	4	4637531	None
GCF_046895925.1_ASM4689592v1_genomic	100.0	0.24	Neural Network (Specific Model)	11	0.834	4639414	314.0891436593355	4819277	0.48	4274	4	4639414	None
GCF_046895935.1_ASM4689593v1_genomic	100.0	0.24	Neural Network (Specific Model)	11	0.834	4636125	314.2710871602624	4815988	0.48	4268	4	4636125	None
GCF_046895945.1_ASM4689594v1_genomic	100.0	0.24	Neural Network (Specific Model)	11	0.834	4640359	314.3436401967674	4817819	0.48	4269	4	4640359	None
GCF_046895965.1_ASM4689596v1_genomic	100.0	0.24	Neural Network (Specific Model)	11	0.834	4635464	314.1416861826698	4815327	0.48	4270	4	4635464	None
GCF_046895985.1_ASM4689598v1_genomic	100.0	0.24	Neural Network (Specific Model)	11	0.834	4636397	314.3792780121894	4816260	0.48	4266	4	4636397	None
GCF_052373935.1_ASM5237393v1_genomic	100.0	1.04	Neural Network (Specific Model)	11	0.834	4635928	312.5939393939394	4817674	0.48	4290	4	4635928	None
GCF_052373995.1_ASM5237399v1_genomic	100.0	0.21	Neural Network (Specific Model)	11	0.833	4650172	312.40403805987467	4837389	0.48	4309	5	4650172	None
GCF_052374055.1_ASM5237405v1_genomic	100.0	0.93	Neural Network (Specific Model)	11	0.833	4528510	312.9753765240258	4705158	0.48	4183	4	4528510	None
GCF_052374075.1_ASM5237407v1_genomic	100.0	0.35	Neural Network (Specific Model)	11	0.833	4529833	312.4755311530198	4706644	0.48	4189	4	4529833	None
GCF_052374115.1_ASM5237411v1_genomic	100.0	0.25	Neural Network (Specific Model)	11	0.833	4528832	313.1933014354067	4705331	0.48	4180	4	4528832	None
GCF_052374135.1_ASM5237413v1_genomic	100.0	0.25	Neural Network (Specific Model)	11	0.833	4529230	313.46586826347306	4705785	0.48	4175	4	4529230	None
GCF_052374155.1_ASM5237415v1_genomic	100.0	0.27	Neural Network (Specific Model)	11	0.833	4529301	311.6443016892696	4711297	0.48	4203	4	4529301	None
GCF_052374175.1_ASM5237417v1_genomic	100.0	0.28	Neural Network (Specific Model)	11	0.833	4528770	311.69526978844783	4716206	0.48	4207	5	4528770	None
GCF_052374235.1_ASM5237423v1_genomic	100.0	0.31	Neural Network (Specific Model)	11	0.833	4528774	312.06383992377323	4710825	0.48	4198	4	4528774	None
GCF_052374275.1_ASM5237427v1_genomic	100.0	0.25	Neural Network (Specific Model)	11	0.833	4528686	312.1072194424589	4710671	0.48	4197	4	4528686	None
GCF_052374295.1_ASM5237429v1_genomic	100.0	0.31	Neural Network (Specific Model)	11	0.833	4528510	311.8091385054736	4710468	0.48	4202	4	4528510	None
GCF_052374355.1_ASM5237435v1_genomic	100.0	0.29	Neural Network (Specific Model)	11	0.833	4529215	312.28271752085817	4711248	0.48	4195	4	4529215	None
GCF_052374375.1_ASM5237437v1_genomic	100.0	0.29	Neural Network (Specific Model)	11	0.833	4529486	311.75226082817704	4711405	0.48	4202	4	4529486	None
GCF_052374395.1_ASM5237439v1_genomic	100.0	0.29	Neural Network (Specific Model)	11	0.833	4529136	312.13941849380365	4711038	0.48	4196	4	4529136	None
GCF_052374495.1_ASM5237449v1_genomic	100.0	0.24	Neural Network (Specific Model)	11	0.832	4529222	309.27994330262226	4711125	0.48	4233	4	4529222	None
GCF_052374515.1_ASM5237451v1_genomic	100.0	0.31	Neural Network (Specific Model)	11	0.833	4528999	312.0376280066682	4710907	0.48	4199	4	4528999	None
GCF_052374575.1_ASM5237457v1_genomic	100.0	0.29	Neural Network (Specific Model)	11	0.833	4528974	311.9688095238095	4710884	0.48	4200	4	4528974	None
GCF_052374595.1_ASM5237459v1_genomic	100.0	0.27	Neural Network (Specific Model)	11	0.833	4529036	311.6034728829686	4711065	0.48	4204	4	4529036	None
GCF_052374615.1_ASM5237461v1_genomic	100.0	0.29	Neural Network (Specific Model)	11	0.833	4528548	312.3419170243205	4710540	0.48	4194	4	4528548	None
GCF_052374655.1_ASM5237465v1_genomic	100.0	0.29	Neural Network (Specific Model)	11	0.833	4529193	312.17540514775976	4711187	0.48	4196	4	4529193	None
GCF_052374675.1_ASM5237467v1_genomic	100.0	0.29	Neural Network (Specific Model)	11	0.833	4528280	312.4859255725191	4710208	0.48	4192	4	4528280	None
GCF_052374755.1_ASM5237475v1_genomic	100.0	0.33	Neural Network (Specific Model)	11	0.833	4528852	311.8145679600095	4710767	0.48	4201	4	4528852	None
GCF_052374775.1_ASM5237477v1_genomic	100.0	0.31	Neural Network (Specific Model)	11	0.833	4528956	311.65176022835396	4710973	0.48	4204	4	4528956	None
GCF_052374795.1_ASM5237479v1_genomic	100.0	0.31	Neural Network (Specific Model)	11	0.833	4528907	312.15225160829164	4710891	0.48	4197	4	4528907	None
GCF_052374855.1_ASM5237485v1_genomic	100.0	0.31	Neural Network (Specific Model)	11	0.833	4529176	311.7648738695859	4711055	0.48	4202	4	4529176	None
GCF_052374935.1_ASM5237493v1_genomic	100.0	0.33	Neural Network (Specific Model)	11	0.833	4528980	311.7512497024518	4710882	0.48	4201	4	4528980	None
GCF_052374955.1_ASM5237495v1_genomic	100.0	0.29	Neural Network (Specific Model)	11	0.833	4528876	312.1930409914204	4710818	0.48	4196	4	4528876	None
GCF_052374975.1_ASM5237497v1_genomic	100.0	0.29	Neural Network (Specific Model)	11	0.833	4528814	312.3858812306225	4710794	0.48	4193	4	4528814	None
GCF_052374995.1_ASM5237499v1_genomic	100.0	0.31	Neural Network (Specific Model)	11	0.833	4528974	312.21930870083435	4710956	0.48	4195	4	4528974	None
GCF_052375015.1_ASM5237501v1_genomic	100.0	0.29	Neural Network (Specific Model)	11	0.833	4528958	312.572553699284	4710853	0.48	4190	4	4528958	None
GCF_052375035.1_ASM5237503v1_genomic	100.0	0.31	Neural Network (Specific Model)	11	0.833	4528785	311.88404761904764	4710664	0.48	4200	4	4528785	None
GCF_052375045.1_ASM5237504v1_genomic	100.0	0.31	Neural Network (Specific Model)	11	0.833	4528687	311.90833333333336	4710621	0.48	4200	4	4528687	None
GCF_052375075.1_ASM5237507v1_genomic	100.0	0.29	Neural Network (Specific Model)	11	0.833	4528686	312.4270038167939	4710654	0.48	4192	4	4528686	None
GCF_052375095.1_ASM5237509v1_genomic	100.0	0.31	Neural Network (Specific Model)	11	0.833	4529147	312.17445185891324	4711109	0.48	4196	4	4529147	None
GCF_052375175.1_ASM5237517v1_genomic	100.0	0.29	Neural Network (Specific Model)	11	0.833	4528898	312.2829558998808	4710888	0.48	4195	4	4528898	None
GCF_052375195.1_ASM5237519v1_genomic	100.0	0.31	Neural Network (Specific Model)	11	0.833	4528908	312.1894661582459	4710972	0.48	4196	4	4528908	None
GCF_052375235.1_ASM5237523v1_genomic	100.0	0.27	Neural Network (Specific Model)	11	0.833	4528498	312.3529692344384	4710494	0.48	4193	4	4528498	None
GCF_052375255.1_ASM5237525v1_genomic	100.0	0.29	Neural Network (Specific Model)	11	0.833	4528804	312.2271210676835	4710894	0.48	4196	4	4528804	None
GCF_052375265.1_ASM5237526v1_genomic	100.0	0.29	Neural Network (Specific Model)	11	0.833	4528611	312.26936829558997	4710614	0.48	4195	4	4528611	None
GCF_052375315.1_ASM5237531v1_genomic	100.0	0.31	Neural Network (Specific Model)	11	0.833	4528605	312.00523934270063	4710659	0.48	4199	4	4528605	None
GCF_052375335.1_ASM5237533v1_genomic	100.0	0.31	Neural Network (Specific Model)	11	0.833	4528850	312.05145307289183	4710861	0.48	4198	4	4528850	None
GCF_052375345.1_ASM5237534v1_genomic	100.0	0.29	Neural Network (Specific Model)	11	0.833	4529043	311.9509407001667	4710988	0.48	4199	4	4529043	None
GCF_052375375.1_ASM5237537v1_genomic	100.0	0.25	Neural Network (Specific Model)	11	0.833	4528984	312.0331188944484	4710937	0.48	4197	4	4528984	None
GCF_052375415.1_ASM5237541v1_genomic	100.0	0.27	Neural Network (Specific Model)	11	0.833	4528831	311.8053307948596	4710896	0.48	4202	4	4528831	None
GCF_052375495.1_ASM5237549v1_genomic	100.0	0.29	Neural Network (Specific Model)	11	0.833	4529230	311.95238095238096	4711276	0.48	4200	4	4529230	None
GCF_052375535.1_ASM5237553v1_genomic	100.0	0.31	Neural Network (Specific Model)	11	0.833	4528862	311.872619047619	4710880	0.48	4200	4	4528862	None
GCF_052375635.1_ASM5237563v1_genomic	100.0	0.31	Neural Network (Specific Model)	11	0.833	4528477	311.8412282789812	4710431	0.48	4201	4	4528477	None
GCF_052375655.1_ASM5237565v1_genomic	100.0	0.29	Neural Network (Specific Model)	11	0.833	4528856	312.0791041219919	4710796	0.48	4197	4	4528856	None
GCF_052375735.1_ASM5237573v1_genomic	100.0	0.31	Neural Network (Specific Model)	11	0.833	4528562	311.7810566396954	4710626	0.48	4202	4	4528562	None
GCF_052375775.1_ASM5237577v1_genomic	100.0	0.25	Neural Network (Specific Model)	11	0.833	4529088	311.79147821947157	4711116	0.48	4201	4	4529088	None
GCF_052375835.1_ASM5237583v1_genomic	100.0	0.25	Neural Network (Specific Model)	11	0.833	4528819	312.05337145580177	4710756	0.48	4197	4	4528819	None
GCF_052375915.1_ASM5237591v1_genomic	100.0	0.31	Neural Network (Specific Model)	11	0.833	4529019	311.877619047619	4710973	0.48	4200	4	4529019	None
GCF_052446015.1_ASM5244601v1_genomic	100.0	0.29	Neural Network (Specific Model)	11	0.833	4528650	311.88240895024995	4710637	0.48	4201	4	4528650	None
GCA_000009065.1_ASM906v1_genomic	100.0	0.23	Neural Network (Specific Model)	11	0.835	4653728	313.41088878548163	4829855	0.48	4298	4	4653728	None
GCA_000222975.1_ASM22297v1_genomic	100.0	0.12	Neural Network (Specific Model)	11	0.836	4553770	313.7270094134685	4658411	0.48	4143	3	4553770	None
GCA_000590535.2_ASM59053v2_genomic	100.0	0.16	Neural Network (Specific Model)	11	0.836	4553687	313.757470980489	4553687	0.48	4049	1	4553687	None
GCA_000834235.1_ASM83423v1_genomic	100.0	0.22	Neural Network (Specific Model)	11	0.834	4685423	306.90979147778785	4861517	0.48	4412	4	4685423	None
GCA_000834315.1_ASM83431v1_genomic	100.0	0.21	Neural Network (Specific Model)	11	0.834	4519828	311.088568729334	4728318	0.48	4234	3	4519828	None
GCA_000834335.1_ASM83433v1_genomic	100.0	0.22	Neural Network (Specific Model)	11	0.834	4659530	311.0101569713758	4835409	0.48	4332	4	4659530	None
GCA_000834755.1_ASM83475v1_genomic	100.0	0.13	Neural Network (Specific Model)	11	0.835	4569625	311.33588150979455	4674565	0.48	4186	3	4569625	None
GCA_000834925.1_ASM83492v1_genomic	100.0	0.27	Neural Network (Specific Model)	11	0.834	4607660	311.3037088873338	4794427	0.48	4287	4	4607660	None
GCA_000834985.1_ASM83498v1_genomic	100.0	0.2	Neural Network (Specific Model)	11	0.834	4529728	310.9816254416961	4738142	0.48	4245	3	4529728	None
GCA_001188695.1_ASM118869v1_genomic	100.0	0.21	Neural Network (Specific Model)	11	0.835	4524943	310.6679227508243	4733482	0.48	4246	3	4524943	None
GCA_001188715.1_ASM118871v1_genomic	100.0	0.18	Neural Network (Specific Model)	11	0.834	4530125	310.15742481203006	4738644	0.48	4256	3	4530125	None
GCA_001188815.1_ASM118881v1_genomic	100.0	0.25	Neural Network (Specific Model)	11	0.834	4491639	309.0033262057496	4672740	0.48	4209	4	4491639	None
GCA_001293415.1_ASM129341v1_genomic	100.0	0.82	Neural Network (Specific Model)	11	0.834	4556337	309.2867889045604	4722852	0.48	4254	3	4556337	None
GCA_001693595.1_ASM169359v1_genomic	100.0	0.33	Neural Network (Specific Model)	11	0.834	4602429	307.51132686084145	4778555	0.48	4326	4	4602429	None
GCA_002005285.1_ASM200528v1_genomic	100.0	0.13	Neural Network (Specific Model)	11	0.819	4655691	294.5954981056385	4831198	0.48	4487	4	4655691	None
GCA_003798205.1_ASM379820v1_genomic	100.0	0.54	Neural Network (Specific Model)	11	0.833	4636496	309.5564588979223	4929654	0.48	4428	5	4636496	None
GCA_003798345.1_ASM379834v1_genomic	100.0	0.27	Neural Network (Specific Model)	11	0.834	4607325	315.18018444076614	4784489	0.48	4229	3	4607325	None
GCA_009295945.1_ASM929594v1_genomic	100.0	0.4	Neural Network (Specific Model)	11	0.834	4546217	311.55984011286154	4759144	0.48	4253	5	4546217	None
GCA_009295965.1_ASM929596v1_genomic	100.0	0.24	Neural Network (Specific Model)	11	0.835	4629837	313.93489461358314	4807288	0.48	4270	4	4629837	None
GCA_009296005.1_ASM929600v1_genomic	100.0	0.17	Neural Network (Specific Model)	11	0.834	4503487	314.2827097089753	4614086	0.48	4089	3	4503487	None
GCA_015159615.2_ASM1515961v2_genomic	100.0	0.11	Neural Network (Specific Model)	11	0.835	4601712	316.99209290832715	4601712	0.48	4047	1	4601712	None
GCA_015336085.1_ASM1533608v1_genomic	100.0	0.12	Neural Network (Specific Model)	11	0.835	4604910	318.03739474987617	4604910	0.48	4038	1	4604910	None
GCA_015337825.2_ASM1533782v2_genomic	100.0	0.16	Neural Network (Specific Model)	11	0.835	4612530	316.33456334563346	4612530	0.48	4065	1	4612530	None
GCA_039640395.1_YP_136_genomic	100.0	0.95	Neural Network (Specific Model)	11	0.834	4647277	314.8556701030928	4826145	0.48	4268	4	4647277	None
GCA_039640445.1_YP_2_genomic	100.0	1.1	Neural Network (Specific Model)	11	0.832	4646632	309.1193823461627	4825490	0.48	4339	4	4646632	None
GCA_039640455.1_YP_8_genomic	100.0	1.99	Neural Network (Specific Model)	11	0.832	4593311	309.7357476635514	4772170	0.48	4280	4	4593311	None
GCA_039640475.1_YP_177_genomic	100.0	1.01	Neural Network (Specific Model)	11	0.833	4545315	312.88663967611336	4722215	0.48	4199	4	4545315	None
GCA_039640485.1_YP_107_genomic	100.0	0.95	Neural Network (Specific Model)	11	0.834	4647253	314.8044038416491	4826121	0.48	4269	4	4647253	None
GCA_039703785.1_ASM3970378v1_genomic	100.0	0.24	Neural Network (Specific Model)	11	0.833	4650170	312.29839646758074	4828962	0.48	4303	4	4650170	None
GCA_041409745.1_669_pPCP1-_HybridAssembly_genomic	100.0	0.22	Neural Network (Specific Model)	11	0.836	4649807	312.4573355033713	4816317	0.48	4301	3	4649807	None
GCA_041410195.1_669_HybridAssembly_genomic	100.0	0.22	Neural Network (Specific Model)	11	0.835	4649807	312.1410345627465	4825927	0.48	4311	4	4649807	None
GCA_046895365.1_ASM4689536v1_genomic	100.0	0.23	Neural Network (Specific Model)	11	0.834	4648605	314.395882077679	4827203	0.48	4274	4	4648605	None
GCA_046895375.1_ASM4689537v1_genomic	100.0	0.28	Neural Network (Specific Model)	11	0.834	4511579	311.31124880838894	4693274	0.48	4196	4	4511579	None
GCA_046895465.1_ASM4689546v1_genomic	100.0	0.23	Neural Network (Specific Model)	11	0.834	4647145	314.6820416764224	4825743	0.48	4271	4	4647145	None
GCA_046895475.1_ASM4689547v1_genomic	100.0	0.21	Neural Network (Specific Model)	11	0.833	4544837	312.46111771700356	4723776	0.48	4205	4	4544837	None
GCA_046895485.1_ASM4689548v1_genomic	100.0	0.24	Neural Network (Specific Model)	11	0.834	4643273	313.8702967983174	4822086	0.48	4279	4	4643273	None
GCA_046895495.1_ASM4689549v1_genomic	100.0	0.24	Neural Network (Specific Model)	11	0.834	4647682	314.1925683570928	4826275	0.48	4279	4	4647682	None
GCA_046895515.1_ASM4689551v1_genomic	100.0	0.24	Neural Network (Specific Model)	11	0.834	4647528	314.5095928872251	4826464	0.48	4274	4	4647528	None
GCA_046895525.1_ASM4689552v1_genomic	100.0	0.24	Neural Network (Specific Model)	11	0.834	4647297	314.4217543859649	4826233	0.48	4275	4	4647297	None
GCA_046895555.1_ASM4689555v1_genomic	100.0	0.2	Neural Network (Specific Model)	11	0.834	4539232	311.6975265017668	4752430	0.48	4245	5	4539232	None
GCA_046895585.1_ASM4689558v1_genomic	100.0	0.24	Neural Network (Specific Model)	11	0.834	4632062	314.5916451537198	4813074	0.48	4261	4	4632062	None
GCA_046895635.1_ASM4689563v1_genomic	100.0	0.35	Neural Network (Specific Model)	11	0.834	4551886	310.54821386878353	4777481	0.48	4283	6	4551886	None
GCA_046895655.1_ASM4689565v1_genomic	100.0	0.24	Neural Network (Specific Model)	11	0.835	4651535	314.0230876865672	4832547	0.48	4288	4	4651535	None
GCA_046895665.1_ASM4689566v1_genomic	100.0	0.23	Neural Network (Specific Model)	11	0.834	4550981	311.7234393404005	4753733	0.48	4245	5	4550981	None
GCA_046895705.1_ASM4689570v1_genomic	100.0	0.24	Neural Network (Specific Model)	11	0.834	4546813	311.9080568720379	4727577	0.48	4220	4	4546813	None
GCA_046895725.1_ASM4689572v1_genomic	100.0	0.28	Neural Network (Specific Model)	11	0.834	4553302	312.17116477272725	4736226	0.48	4224	4	4553302	None
GCA_046895735.1_ASM4689573v1_genomic	100.0	0.23	Neural Network (Specific Model)	11	0.834	4550396	311.7918925288711	4753148	0.48	4243	5	4550396	None
GCA_046895755.1_ASM4689575v1_genomic	100.0	0.28	Neural Network (Specific Model)	11	0.834	4549303	312.09902866619285	4732227	0.48	4221	4	4549303	None
GCA_046895765.1_ASM4689576v1_genomic	100.0	0.23	Neural Network (Specific Model)	11	0.834	4631336	314.01031169439887	4810477	0.48	4267	4	4631336	None
GCA_046895775.1_ASM4689577v1_genomic	100.0	0.22	Neural Network (Specific Model)	11	0.833	4531300	312.3569216106743	4710441	0.48	4197	4	4531300	None
GCA_046895785.1_ASM4689578v1_genomic	100.0	0.24	Neural Network (Specific Model)	11	0.834	4634268	313.53833567087423	4815364	0.48	4278	4	4634268	None
GCA_046895795.1_ASM4689579v1_genomic	100.0	0.22	Neural Network (Specific Model)	11	0.833	4538962	311.77450747685737	4720058	0.48	4213	4	4538962	None
GCA_046895835.1_ASM4689583v1_genomic	100.0	0.23	Neural Network (Specific Model)	11	0.834	4536167	312.33142857142855	4712983	0.48	4200	4	4536167	None
GCA_046895845.1_ASM4689584v1_genomic	100.0	0.24	Neural Network (Specific Model)	11	0.834	4639161	314.22552693208434	4816621	0.48	4270	4	4639161	None
GCA_046895855.1_ASM4689585v1_genomic	100.0	0.23	Neural Network (Specific Model)	11	0.834	4536816	312.719733079123	4714276	0.48	4196	4	4536816	None
GCA_046895895.1_ASM4689589v1_genomic	100.0	0.24	Neural Network (Specific Model)	11	0.834	4636416	313.9304937982682	4816279	0.48	4273	4	4636416	None
GCA_046895935.1_ASM4689593v1_genomic	100.0	0.24	Neural Network (Specific Model)	11	0.834	4636125	314.2710871602624	4815988	0.48	4268	4	4636125	None
GCA_046895945.1_ASM4689594v1_genomic	100.0	0.24	Neural Network (Specific Model)	11	0.834	4640359	314.3436401967674	4817819	0.48	4269	4	4640359	None
GCA_046895955.1_ASM4689595v1_genomic	100.0	0.24	Neural Network (Specific Model)	11	0.834	4638410	314.1844569288389	4818273	0.48	4272	4	4638410	None
GCA_046895965.1_ASM4689596v1_genomic	100.0	0.24	Neural Network (Specific Model)	11	0.834	4635464	314.1416861826698	4815327	0.48	4270	4	4635464	None
GCA_046895985.1_ASM4689598v1_genomic	100.0	0.24	Neural Network (Specific Model)	11	0.834	4636397	314.3792780121894	4816260	0.48	4266	4	4636397	None
GCA_052373995.1_ASM5237399v1_genomic	100.0	0.21	Neural Network (Specific Model)	11	0.833	4650172	312.40403805987467	4837389	0.48	4309	5	4650172	None
GCA_052374015.1_ASM5237401v1_genomic	100.0	0.17	Neural Network (Specific Model)	11	0.833	4529575	311.6462746965008	4706331	0.48	4201	4	4529575	None
GCA_052374075.1_ASM5237407v1_genomic	100.0	0.35	Neural Network (Specific Model)	11	0.833	4529833	312.4755311530198	4706644	0.48	4189	4	4529833	None
GCA_052374115.1_ASM5237411v1_genomic	100.0	0.25	Neural Network (Specific Model)	11	0.833	4528832	313.1933014354067	4705331	0.48	4180	4	4528832	None
GCA_052374275.1_ASM5237427v1_genomic	100.0	0.25	Neural Network (Specific Model)	11	0.833	4528686	312.1072194424589	4710671	0.48	4197	4	4528686	None
GCA_052374315.1_ASM5237431v1_genomic	100.0	0.26	Neural Network (Specific Model)	11	0.833	4528623	309.6399527186761	4710671	0.48	4230	4	4528623	None
GCA_052374355.1_ASM5237435v1_genomic	100.0	0.29	Neural Network (Specific Model)	11	0.833	4529215	312.28271752085817	4711248	0.48	4195	4	4529215	None
GCA_052374395.1_ASM5237439v1_genomic	100.0	0.29	Neural Network (Specific Model)	11	0.833	4529136	312.13941849380365	4711038	0.48	4196	4	4529136	None
GCA_052374415.1_ASM5237441v1_genomic	100.0	0.29	Neural Network (Specific Model)	11	0.833	4529366	311.8673809523809	4711398	0.48	4200	4	4529366	None
GCA_052374465.1_ASM5237446v1_genomic	100.0	0.31	Neural Network (Specific Model)	11	0.833	4529114	312.08932825154835	4711092	0.48	4198	4	4529114	None
GCA_052374595.1_ASM5237459v1_genomic	100.0	0.27	Neural Network (Specific Model)	11	0.833	4529036	311.6034728829686	4711065	0.48	4204	4	4529036	None
GCA_052374655.1_ASM5237465v1_genomic	100.0	0.29	Neural Network (Specific Model)	11	0.833	4529193	312.17540514775976	4711187	0.48	4196	4	4529193	None
GCA_052374675.1_ASM5237467v1_genomic	100.0	0.29	Neural Network (Specific Model)	11	0.833	4528280	312.4859255725191	4710208	0.48	4192	4	4528280	None
GCA_052374715.1_ASM5237471v1_genomic	100.0	0.29	Neural Network (Specific Model)	11	0.833	4528970	312.0791041219919	4710834	0.48	4197	4	4528970	None
GCA_052374775.1_ASM5237477v1_genomic	100.0	0.31	Neural Network (Specific Model)	11	0.833	4528956	311.65176022835396	4710973	0.48	4204	4	4528956	None
GCA_052374855.1_ASM5237485v1_genomic	100.0	0.31	Neural Network (Specific Model)	11	0.833	4529176	311.7648738695859	4711055	0.48	4202	4	4529176	None
GCA_052374875.1_ASM5237487v1_genomic	100.0	0.31	Neural Network (Specific Model)	11	0.833	4528911	311.5267538644471	4710800	0.48	4205	4	4528911	None
GCA_052374915.1_ASM5237491v1_genomic	100.0	0.29	Neural Network (Specific Model)	11	0.833	4528775	312.42986641221376	4710655	0.48	4192	4	4528775	None
GCA_052374935.1_ASM5237493v1_genomic	100.0	0.33	Neural Network (Specific Model)	11	0.833	4528980	311.7512497024518	4710882	0.48	4201	4	4528980	None
GCA_052374955.1_ASM5237495v1_genomic	100.0	0.29	Neural Network (Specific Model)	11	0.833	4528876	312.1930409914204	4710818	0.48	4196	4	4528876	None
GCA_052374995.1_ASM5237499v1_genomic	100.0	0.31	Neural Network (Specific Model)	11	0.833	4528974	312.21930870083435	4710956	0.48	4195	4	4528974	None
GCA_052375035.1_ASM5237503v1_genomic	100.0	0.31	Neural Network (Specific Model)	11	0.833	4528785	311.88404761904764	4710664	0.48	4200	4	4528785	None
GCA_052375045.1_ASM5237504v1_genomic	100.0	0.31	Neural Network (Specific Model)	11	0.833	4528687	311.90833333333336	4710621	0.48	4200	4	4528687	None
GCA_052375075.1_ASM5237507v1_genomic	100.0	0.29	Neural Network (Specific Model)	11	0.833	4528686	312.4270038167939	4710654	0.48	4192	4	4528686	None
GCA_052375095.1_ASM5237509v1_genomic	100.0	0.31	Neural Network (Specific Model)	11	0.833	4529147	312.17445185891324	4711109	0.48	4196	4	4529147	None
GCA_052375135.1_ASM5237513v1_genomic	100.0	0.33	Neural Network (Specific Model)	11	0.833	4529255	311.82742204237087	4711179	0.48	4201	4	4529255	None
GCA_052375175.1_ASM5237517v1_genomic	100.0	0.29	Neural Network (Specific Model)	11	0.833	4528898	312.2829558998808	4710888	0.48	4195	4	4528898	None
GCA_052375255.1_ASM5237525v1_genomic	100.0	0.29	Neural Network (Specific Model)	11	0.833	4528804	312.2271210676835	4710894	0.48	4196	4	4528804	None
GCA_052375295.1_ASM5237529v1_genomic	100.0	0.31	Neural Network (Specific Model)	11	0.833	4528879	311.71870537839123	4710988	0.48	4202	4	4528879	None
GCA_052375315.1_ASM5237531v1_genomic	100.0	0.31	Neural Network (Specific Model)	11	0.833	4528605	312.00523934270063	4710659	0.48	4199	4	4528605	None
GCA_052375335.1_ASM5237533v1_genomic	100.0	0.31	Neural Network (Specific Model)	11	0.833	4528850	312.05145307289183	4710861	0.48	4198	4	4528850	None
GCA_052375375.1_ASM5237537v1_genomic	100.0	0.25	Neural Network (Specific Model)	11	0.833	4528984	312.0331188944484	4710937	0.48	4197	4	4528984	None
GCA_052375435.1_ASM5237543v1_genomic	100.0	0.31	Neural Network (Specific Model)	11	0.833	4529235	312.07241543592187	4711134	0.48	4198	4	4529235	None
GCA_052375455.1_ASM5237545v1_genomic	100.0	0.29	Neural Network (Specific Model)	11	0.833	4528774	311.9078790764104	4710865	0.48	4201	4	4528774	None
GCA_052375615.1_ASM5237561v1_genomic	100.0	0.33	Neural Network (Specific Model)	11	0.833	4528975	311.7392338805615	4710990	0.48	4203	4	4528975	None
GCA_052375635.1_ASM5237563v1_genomic	100.0	0.31	Neural Network (Specific Model)	11	0.833	4528477	311.8412282789812	4710431	0.48	4201	4	4528477	None
GCA_052375655.1_ASM5237565v1_genomic	100.0	0.29	Neural Network (Specific Model)	11	0.833	4528856	312.0791041219919	4710796	0.48	4197	4	4528856	None
GCA_052375675.1_ASM5237567v1_genomic	100.0	0.29	Neural Network (Specific Model)	11	0.833	4528701	311.9897594665396	4710657	0.48	4199	4	4528701	None
GCA_052375695.1_ASM5237569v1_genomic	100.0	0.29	Neural Network (Specific Model)	11	0.833	4529040	311.5416270218839	4710997	0.48	4204	4	4529040	None
GCA_052375915.1_ASM5237591v1_genomic	100.0	0.31	Neural Network (Specific Model)	11	0.833	4529019	311.877619047619	4710973	0.48	4200	4	4529019	None
GCF_000009065.1_ASM906v1_genomic	100.0	0.23	Neural Network (Specific Model)	11	0.835	4653728	313.41088878548163	4829855	0.48	4298	4	4653728	None
GCF_000022805.1_ASM2280v1_genomic	100.0	0.87	Neural Network (Specific Model)	11	0.833	4640720	306.9308132875143	4812922	0.48	4365	4	4640720	None
GCF_000022825.1_ASM2282v1_genomic	100.0	3.39	Neural Network (Specific Model)	11	0.833	4626944	303.21914700544465	4802263	0.48	4408	4	4626944	None
GCF_000022845.1_ASM2284v1_genomic	100.0	0.2	Neural Network (Specific Model)	11	0.834	4553586	311.0524450744153	4725788	0.48	4233	4	4553586	None
GCF_000222975.1_ASM22297v1_genomic	100.0	0.12	Neural Network (Specific Model)	11	0.836	4553770	313.7270094134685	4658411	0.48	4143	3	4553770	None
GCF_000590535.2_ASM59053v2_genomic	100.0	0.16	Neural Network (Specific Model)	11	0.836	4553687	313.757470980489	4553687	0.48	4049	1	4553687	None
GCF_000834275.1_ASM83427v1_genomic	100.0	0.21	Neural Network (Specific Model)	11	0.832	4531804	304.7588454376164	4709246	0.48	4296	4	4531804	None
GCF_000834315.1_ASM83431v1_genomic	100.0	0.21	Neural Network (Specific Model)	11	0.834	4519828	311.088568729334	4728318	0.48	4234	3	4519828	None
GCF_000834495.1_ASM83449v1_genomic	100.0	0.17	Neural Network (Specific Model)	11	0.835	4662886	310.4909090909091	4838262	0.48	4345	4	4662886	None
GCF_000834775.1_ASM83477v1_genomic	100.0	0.21	Neural Network (Specific Model)	11	0.834	4654228	310.23998136067104	4777968	0.48	4292	3	4654228	None
GCF_000834825.1_ASM83482v1_genomic	100.0	0.34	Neural Network (Specific Model)	11	0.834	4708024	306.9446952595937	4884396	0.48	4430	4	4708024	None
GCF_000834845.1_ASM83484v1_genomic	100.0	0.39	Neural Network (Specific Model)	11	0.831	4501786	300.5891077636153	4674610	0.48	4315	4	4501786	None
GCF_001188695.1_ASM118869v1_genomic	100.0	0.21	Neural Network (Specific Model)	11	0.835	4524943	310.6679227508243	4733482	0.48	4246	3	4524943	None
GCF_001188715.1_ASM118871v1_genomic	100.0	0.18	Neural Network (Specific Model)	11	0.834	4530125	310.15742481203006	4738644	0.48	4256	3	4530125	None
GCF_001188815.1_ASM118881v1_genomic	100.0	0.25	Neural Network (Specific Model)	11	0.834	4491639	309.0033262057496	4672740	0.48	4209	4	4491639	None
GCF_001293415.1_ASM129341v1_genomic	100.0	0.82	Neural Network (Specific Model)	11	0.834	4556337	309.2867889045604	4722852	0.48	4254	3	4556337	None
GCF_002005285.1_ASM200528v1_genomic	100.0	0.13	Neural Network (Specific Model)	11	0.819	4655691	294.5954981056385	4831198	0.48	4487	4	4655691	None
GCF_003798225.1_ASM379822v1_genomic	100.0	0.34	Neural Network (Specific Model)	11	0.833	4708493	310.5708786231884	4930959	0.48	4416	4	4708493	None
GCF_003798345.1_ASM379834v1_genomic	100.0	0.27	Neural Network (Specific Model)	11	0.834	4607325	315.18018444076614	4784489	0.48	4229	3	4607325	None
GCF_009295925.1_ASM929592v1_genomic	100.0	0.23	Neural Network (Specific Model)	11	0.834	4625829	312.97754385964913	4806721	0.48	4275	4	4625829	None
GCF_009295985.1_ASM929598v1_genomic	100.0	0.21	Neural Network (Specific Model)	11	0.834	4596548	313.1116596144805	4783760	0.48	4254	5	4596548	None
GCF_009296005.1_ASM929600v1_genomic	100.0	0.17	Neural Network (Specific Model)	11	0.834	4503487	314.2827097089753	4614086	0.48	4089	3	4503487	None
GCF_009363195.1_ASM936319v1_genomic	100.0	0.22	Neural Network (Specific Model)	11	0.834	4635506	313.0452016689847	4848320	0.48	4314	5	4635506	None
GCF_015159615.2_ASM1515961v2_genomic	100.0	0.11	Neural Network (Specific Model)	11	0.835	4601712	316.99209290832715	4601712	0.48	4047	1	4601712	None
GCF_015336265.1_ASM1533626v1_genomic	100.0	0.2	Neural Network (Specific Model)	11	0.835	4644349	317.8033390621164	4644349	0.48	4073	1	4644349	None
GCF_015336865.1_ASM1533686v1_genomic	100.0	0.08	Neural Network (Specific Model)	11	0.835	4612708	319.09627791563275	4612708	0.48	4030	1	4612708	None
GCF_015337085.2_ASM1533708v2_genomic	100.0	0.56	Neural Network (Specific Model)	11	0.835	4481542	314.62503147821707	4481542	0.48	3971	1	4481542	None
GCF_015337445.1_ASM1533744v1_genomic	100.0	0.14	Neural Network (Specific Model)	11	0.834	4499502	315.88961693548384	4499502	0.48	3968	1	4499502	None
GCF_015337645.1_ASM1533764v1_genomic	100.0	0.21	Neural Network (Specific Model)	11	0.835	4610990	316.5344827586207	4610990	0.48	4060	1	4610990	None
GCF_024498375.1_ASM2449837v1_genomic	100.0	0.23	Neural Network (Specific Model)	11	0.833	4648824	313.0742804085422	4848095	0.48	4308	3	4648824	None
GCF_024498415.1_ASM2449841v1_genomic	100.0	0.22	Neural Network (Specific Model)	11	0.833	4636015	312.7342068320075	4804290	0.48	4274	4	4636015	None
GCF_024758685.1_ASM2475868v1_genomic	100.0	0.25	Neural Network (Specific Model)	11	0.832	4553685	308.2750636721463	4792816	0.48	4319	4	4553685	None
GCF_039640175.1_YP_133_genomic	100.0	0.95	Neural Network (Specific Model)	11	0.834	4647253	314.8044038416491	4826121	0.48	4269	4	4647253	None
GCF_039640395.1_YP_136_genomic	100.0	0.95	Neural Network (Specific Model)	11	0.834	4647277	314.8556701030928	4826145	0.48	4268	4	4647277	None
GCF_039640425.1_YP_80_genomic	100.0	1.03	Neural Network (Specific Model)	11	0.833	4649224	312.3234131597303	4828083	0.48	4301	4	4649224	None
GCF_039640445.1_YP_2_genomic	100.0	1.1	Neural Network (Specific Model)	11	0.832	4646632	309.1193823461627	4825490	0.48	4339	4	4646632	None
GCF_039640475.1_YP_177_genomic	100.0	1.01	Neural Network (Specific Model)	11	0.833	4545315	312.88663967611336	4722215	0.48	4199	4	4545315	None
GCF_039640485.1_YP_107_genomic	100.0	0.95	Neural Network (Specific Model)	11	0.834	4647253	314.8044038416491	4826121	0.48	4269	4	4647253	None
GCF_039703785.1_ASM3970378v1_genomic	100.0	0.24	Neural Network (Specific Model)	11	0.833	4650170	312.29839646758074	4828962	0.48	4303	4	4650170	None
GCF_046895375.1_ASM4689537v1_genomic	100.0	0.28	Neural Network (Specific Model)	11	0.834	4511579	311.31124880838894	4693274	0.48	4196	4	4511579	None
GCF_046895425.1_ASM4689542v1_genomic	100.0	0.74	Neural Network (Specific Model)	11	0.834	4608999	316.6282572316519	4755651	0.48	4183	4	4608999	None
GCF_046895445.1_ASM4689544v1_genomic	100.0	0.26	Neural Network (Specific Model)	11	0.835	4669764	310.9451991710799	4846113	0.48	4343	4	4669764	None
GCF_046895465.1_ASM4689546v1_genomic	100.0	0.23	Neural Network (Specific Model)	11	0.834	4647145	314.6820416764224	4825743	0.48	4271	4	4647145	None
GCF_046895475.1_ASM4689547v1_genomic	100.0	0.21	Neural Network (Specific Model)	11	0.833	4544837	312.46111771700356	4723776	0.48	4205	4	4544837	None
GCF_046895485.1_ASM4689548v1_genomic	100.0	0.24	Neural Network (Specific Model)	11	0.834	4643273	313.8702967983174	4822086	0.48	4279	4	4643273	None
GCF_046895495.1_ASM4689549v1_genomic	100.0	0.24	Neural Network (Specific Model)	11	0.834	4647682	314.1925683570928	4826275	0.48	4279	4	4647682	None
GCF_046895505.1_ASM4689550v1_genomic	100.0	0.24	Neural Network (Specific Model)	11	0.834	4646713	314.26934767360297	4825313	0.48	4277	4	4646713	None
GCF_046895515.1_ASM4689551v1_genomic	100.0	0.24	Neural Network (Specific Model)	11	0.834	4647528	314.5095928872251	4826464	0.48	4274	4	4647528	None
GCF_046895525.1_ASM4689552v1_genomic	100.0	0.24	Neural Network (Specific Model)	11	0.834	4647297	314.4217543859649	4826233	0.48	4275	4	4647297	None
GCF_046895545.1_ASM4689554v1_genomic	100.0	0.21	Neural Network (Specific Model)	11	0.835	4641100	313.38892749594623	4854027	0.48	4317	5	4641100	None
GCF_046895555.1_ASM4689555v1_genomic	100.0	0.2	Neural Network (Specific Model)	11	0.834	4539232	311.6975265017668	4752430	0.48	4245	5	4539232	None
GCF_046895585.1_ASM4689558v1_genomic	100.0	0.24	Neural Network (Specific Model)	11	0.834	4632062	314.5916451537198	4813074	0.48	4261	4	4632062	None
GCF_046895615.1_ASM4689561v1_genomic	100.0	0.24	Neural Network (Specific Model)	11	0.834	4553353	312.3262260127932	4734364	0.48	4221	4	4553353	None
GCF_046895645.1_ASM4689564v1_genomic	100.0	0.24	Neural Network (Specific Model)	11	0.834	4631955	314.4420731707317	4812967	0.48	4264	4	4631955	None
GCF_046895665.1_ASM4689566v1_genomic	100.0	0.23	Neural Network (Specific Model)	11	0.834	4550981	311.7234393404005	4753733	0.48	4245	5	4550981	None
GCF_046895675.1_ASM4689567v1_genomic	100.0	0.24	Neural Network (Specific Model)	11	0.835	4652210	313.3721630384437	4854962	0.48	4318	5	4652210	None
GCF_046895695.1_ASM4689569v1_genomic	100.0	0.23	Neural Network (Specific Model)	11	0.834	4552856	311.50976700400093	4755608	0.48	4249	5	4552856	None
GCF_046895705.1_ASM4689570v1_genomic	100.0	0.24	Neural Network (Specific Model)	11	0.834	4546813	311.9080568720379	4727577	0.48	4220	4	4546813	None
GCF_046895725.1_ASM4689572v1_genomic	100.0	0.28	Neural Network (Specific Model)	11	0.834	4553302	312.17116477272725	4736226	0.48	4224	4	4553302	None
GCF_046895735.1_ASM4689573v1_genomic	100.0	0.23	Neural Network (Specific Model)	11	0.834	4550396	311.7918925288711	4753148	0.48	4243	5	4550396	None
GCF_046895745.1_ASM4689574v1_genomic	100.0	0.23	Neural Network (Specific Model)	11	0.834	4550274	310.8794642857143	4752669	0.48	4256	5	4550274	None
GCF_046895765.1_ASM4689576v1_genomic	100.0	0.23	Neural Network (Specific Model)	11	0.834	4631336	314.01031169439887	4810477	0.48	4267	4	4631336	None
GCF_046895775.1_ASM4689577v1_genomic	100.0	0.22	Neural Network (Specific Model)	11	0.833	4531300	312.3569216106743	4710441	0.48	4197	4	4531300	None
GCF_046895805.1_ASM4689580v1_genomic	100.0	0.23	Neural Network (Specific Model)	11	0.833	4536471	312.02875475285174	4717567	0.48	4208	4	4536471	None
GCF_046895815.1_ASM4689581v1_genomic	100.0	0.32	Neural Network (Specific Model)	11	0.835	4639504	313.9139784946237	4819130	0.48	4278	4	4639504	None
GCF_046895825.1_ASM4689582v1_genomic	100.0	0.24	Neural Network (Specific Model)	11	0.834	4635029	314.2087139845397	4814892	0.48	4269	4	4635029	None
GCF_046895845.1_ASM4689584v1_genomic	100.0	0.24	Neural Network (Specific Model)	11	0.834	4639161	314.22552693208434	4816621	0.48	4270	4	4639161	None
GCF_046895915.1_ASM4689591v1_genomic	100.0	0.29	Neural Network (Specific Model)	11	0.833	4538626	312.6889735651346	4719197	0.48	4199	4	4538626	None
GCF_046895955.1_ASM4689595v1_genomic	100.0	0.24	Neural Network (Specific Model)	11	0.834	4638410	314.1844569288389	4818273	0.48	4272	4	4638410	None
GCF_046895975.1_ASM4689597v1_genomic	100.0	0.24	Neural Network (Specific Model)	11	0.834	4640639	313.8678980593874	4818099	0.48	4277	4	4640639	None
GCF_052373945.1_ASM5237394v1_genomic	100.0	0.96	Neural Network (Specific Model)	11	0.834	4634699	312.9197012138189	4816448	0.48	4284	4	4634699	None
GCF_052373955.1_ASM5237395v1_genomic	100.0	0.25	Neural Network (Specific Model)	11	0.833	4645421	312.26307227515684	4827944	0.48	4303	4	4645421	None
GCF_052374015.1_ASM5237401v1_genomic	100.0	0.17	Neural Network (Specific Model)	11	0.833	4529575	311.6462746965008	4706331	0.48	4201	4	4529575	None
GCF_052374095.1_ASM5237409v1_genomic	100.0	0.92	Neural Network (Specific Model)	11	0.833	4528636	312.7067112491044	4705293	0.48	4187	4	4528636	None
GCF_052374195.1_ASM5237419v1_genomic	100.0	0.29	Neural Network (Specific Model)	11	0.833	4528582	312.03716055264414	4710552	0.48	4198	4	4528582	None
GCF_052374215.1_ASM5237421v1_genomic	100.0	0.29	Neural Network (Specific Model)	11	0.833	4528427	312.4676842356308	4710461	0.48	4193	4	4528427	None
GCF_052374255.1_ASM5237425v1_genomic	100.0	0.29	Neural Network (Specific Model)	11	0.833	4528541	312.13795568263043	4710593	0.48	4197	4	4528541	None
GCF_052374315.1_ASM5237431v1_genomic	100.0	0.26	Neural Network (Specific Model)	11	0.833	4528623	309.6399527186761	4710671	0.48	4230	4	4528623	None
GCF_052374335.1_ASM5237433v1_genomic	100.0	0.27	Neural Network (Specific Model)	11	0.833	4529102	311.9452380952381	4711207	0.48	4200	4	4529102	None
GCF_052374415.1_ASM5237441v1_genomic	100.0	0.29	Neural Network (Specific Model)	11	0.833	4529366	311.8673809523809	4711398	0.48	4200	4	4529366	None
GCF_052374445.1_ASM5237444v1_genomic	100.0	0.29	Neural Network (Specific Model)	11	0.832	4528699	312.21387696709587	4710682	0.48	4194	4	4528699	None
GCF_052374465.1_ASM5237446v1_genomic	100.0	0.31	Neural Network (Specific Model)	11	0.833	4529114	312.08932825154835	4711092	0.48	4198	4	4529114	None
GCF_052374535.1_ASM5237453v1_genomic	100.0	0.33	Neural Network (Specific Model)	11	0.833	4528970	311.92309523809524	4710890	0.48	4200	4	4528970	None
GCF_052374555.1_ASM5237455v1_genomic	100.0	0.29	Neural Network (Specific Model)	11	0.833	4528760	312.1961391801716	4710717	0.48	4196	4	4528760	None
GCF_052374635.1_ASM5237463v1_genomic	100.0	0.31	Neural Network (Specific Model)	11	0.833	4529216	309.7921985815603	4711259	0.48	4230	4	4529216	None
GCF_052374695.1_ASM5237469v1_genomic	100.0	0.29	Neural Network (Specific Model)	11	0.833	4529089	312.2185414680648	4711094	0.48	4196	4	4529089	None
GCF_052374715.1_ASM5237471v1_genomic	100.0	0.29	Neural Network (Specific Model)	11	0.833	4528970	312.0791041219919	4710834	0.48	4197	4	4528970	None
GCF_052374735.1_ASM5237473v1_genomic	100.0	0.29	Neural Network (Specific Model)	11	0.833	4528874	312.11367969494756	4710784	0.48	4196	4	4528874	None
GCF_052374815.1_ASM5237481v1_genomic	100.0	0.31	Neural Network (Specific Model)	11	0.833	4528841	311.8264698881219	4710858	0.48	4201	4	4528841	None
GCF_052374875.1_ASM5237487v1_genomic	100.0	0.31	Neural Network (Specific Model)	11	0.833	4528911	311.5267538644471	4710800	0.48	4205	4	4528911	None
GCF_052374895.1_ASM5237489v1_genomic	100.0	0.31	Neural Network (Specific Model)	11	0.833	4528998	312.14510364546106	4710911	0.48	4197	4	4528998	None
GCF_052374915.1_ASM5237491v1_genomic	100.0	0.29	Neural Network (Specific Model)	11	0.833	4528775	312.42986641221376	4710655	0.48	4192	4	4528775	None
GCF_052375105.1_ASM5237510v1_genomic	100.0	0.29	Neural Network (Specific Model)	11	0.833	4528992	312.18569725864126	4710977	0.48	4195	4	4528992	None
GCF_052375135.1_ASM5237513v1_genomic	100.0	0.33	Neural Network (Specific Model)	11	0.833	4529255	311.82742204237087	4711179	0.48	4201	4	4529255	None
GCF_052375155.1_ASM5237515v1_genomic	100.0	0.29	Neural Network (Specific Model)	11	0.833	4528602	312.19394805813675	4710599	0.48	4197	4	4528602	None
GCF_052375295.1_ASM5237529v1_genomic	100.0	0.31	Neural Network (Specific Model)	11	0.833	4528879	311.71870537839123	4710988	0.48	4202	4	4528879	None
GCF_052375395.1_ASM5237539v1_genomic	100.0	0.29	Neural Network (Specific Model)	11	0.833	4528201	312.3090128755365	4710224	0.48	4194	4	4528201	None
GCF_052375435.1_ASM5237543v1_genomic	100.0	0.31	Neural Network (Specific Model)	11	0.833	4529235	312.07241543592187	4711134	0.48	4198	4	4529235	None
GCF_052375455.1_ASM5237545v1_genomic	100.0	0.29	Neural Network (Specific Model)	11	0.833	4528774	311.9078790764104	4710865	0.48	4201	4	4528774	None
GCF_052375475.1_ASM5237547v1_genomic	100.0	0.31	Neural Network (Specific Model)	11	0.833	4528604	311.8245655796239	4710470	0.48	4201	4	4528604	None
GCF_052375515.1_ASM5237551v1_genomic	100.0	0.31	Neural Network (Specific Model)	11	0.833	4528786	312.26609442060084	4710760	0.48	4194	4	4528786	None
GCF_052375555.1_ASM5237555v1_genomic	100.0	0.29	Neural Network (Specific Model)	11	0.833	4528900	311.7570782774209	4710818	0.48	4203	4	4528900	None
GCF_052375615.1_ASM5237561v1_genomic	100.0	0.33	Neural Network (Specific Model)	11	0.833	4528975	311.7392338805615	4710990	0.48	4203	4	4528975	None
GCF_052375675.1_ASM5237567v1_genomic	100.0	0.29	Neural Network (Specific Model)	11	0.833	4528701	311.9897594665396	4710657	0.48	4199	4	4528701	None
GCF_052375695.1_ASM5237569v1_genomic	100.0	0.29	Neural Network (Specific Model)	11	0.833	4529040	311.5416270218839	4710997	0.48	4204	4	4529040	None
GCF_052375715.1_ASM5237571v1_genomic	100.0	0.31	Neural Network (Specific Model)	11	0.833	4528927	311.7641599238458	4710942	0.48	4202	4	4528927	None
GCF_052375755.1_ASM5237575v1_genomic	100.0	0.29	Neural Network (Specific Model)	11	0.833	4529013	311.83694358486076	4711041	0.48	4201	4	4529013	None
GCF_052375795.1_ASM5237579v1_genomic	100.0	0.31	Neural Network (Specific Model)	11	0.833	4528852	311.57017126546145	4710771	0.48	4204	4	4528852	None
GCF_052375815.1_ASM5237581v1_genomic	100.0	0.33	Neural Network (Specific Model)	11	0.833	4529265	311.84813139728635	4711178	0.48	4201	4	4529265	None
